product_id,vendor_id,market_date,customer_id,quantity,cost_to_customer_per_qty,transaction_time
1,7,2019-07-03,14,0.99,6.99,17:32:00
1,7,2019-07-03,14,2.18,6.99,18:23:00
1,7,2019-07-03,15,1.53,6.99,18:41:00
1,7,2019-07-03,16,2.02,6.99,18:18:00
1,7,2019-07-03,22,0.66,6.99,17:34:00
1,7,2019-07-06,4,0.27,6.99,12:20:00
1,7,2019-07-06,12,3.60,6.99,09:33:00
1,7,2019-07-06,14,3.04,6.99,13:05:00
1,7,2019-07-06,23,1.49,6.99,12:26:00
1,7,2019-07-06,23,2.56,6.99,12:46:00
1,7,2019-07-10,3,2.48,6.99,18:40:00
1,7,2019-07-10,4,2.13,6.99,18:06:00
1,7,2019-07-10,8,2.71,6.99,18:35:00
1,7,2019-07-10,23,3.61,6.99,18:56:00
1,7,2019-07-13,2,4.24,6.99,09:02:00
1,7,2019-07-13,5,0.71,6.99,13:43:00
1,7,2019-07-13,10,2.34,6.99,10:21:00
1,7,2019-07-13,10,2.28,6.99,10:29:00
1,7,2019-07-13,24,0.65,6.99,12:52:00
1,7,2019-07-17,4,3.03,6.99,18:44:00
1,7,2019-07-17,5,4.11,6.99,16:30:00
1,7,2019-07-20,1,2.09,6.99,12:48:00
1,7,2019-07-20,1,4.93,6.99,13:00:00
1,7,2019-07-20,15,0.02,6.99,12:04:00
1,7,2019-07-20,21,2.00,6.99,11:33:00
1,7,2019-07-24,14,0.39,6.99,17:16:00
1,7,2019-07-24,19,2.74,6.99,17:30:00
1,7,2019-07-27,13,1.15,6.99,09:08:00
1,7,2019-07-27,17,1.55,6.99,13:58:00
1,7,2019-07-27,24,3.04,6.99,09:37:00
1,7,2019-07-31,3,2.64,6.99,18:36:00
1,7,2019-07-31,8,3.83,6.99,18:34:00
1,7,2019-07-31,19,3.69,6.99,18:11:00
1,7,2019-07-31,22,1.07,6.99,18:04:00
1,7,2019-08-03,4,0.08,6.99,12:12:00
1,7,2019-08-03,13,0.05,6.99,13:37:00
1,7,2019-08-03,13,2.36,6.99,13:46:00
1,7,2019-08-07,13,0.31,6.99,18:38:00
1,7,2019-08-07,24,4.65,6.99,18:30:00
1,7,2019-08-10,2,0.32,6.99,08:26:00
1,7,2019-08-10,2,1.29,6.99,09:29:00
1,7,2019-08-10,12,4.09,6.99,08:39:00
1,7,2019-08-10,23,4.57,6.99,13:20:00
1,7,2019-08-10,23,0.46,6.99,13:39:00
1,7,2019-08-14,5,2.35,6.99,17:32:00
1,7,2019-08-14,8,3.57,6.99,18:04:00
1,7,2019-08-14,11,1.50,6.99,17:06:00
1,7,2019-08-14,25,3.21,6.99,18:46:00
1,7,2019-08-21,11,1.59,6.99,18:18:00
1,7,2019-08-24,10,1.67,6.99,08:35:00
1,7,2019-08-24,15,1.19,6.99,08:47:00
1,7,2019-08-24,16,4.48,6.99,11:00:00
1,7,2019-08-28,2,1.07,6.99,18:56:00
1,7,2019-08-28,9,3.68,6.99,18:28:00
1,7,2019-08-31,5,2.40,6.99,10:00:00
1,7,2019-08-31,10,0.14,6.99,09:57:00
1,7,2019-08-31,22,4.86,6.99,09:12:00
1,7,2019-09-04,4,2.28,6.99,18:33:00
1,7,2019-09-04,9,2.18,6.99,16:30:00
1,7,2019-09-04,20,5.67,6.99,17:57:00
1,7,2019-09-07,8,0.94,6.99,13:33:00
1,7,2019-09-07,12,2.04,6.99,08:35:00
1,7,2019-09-07,12,0.99,6.99,08:49:00
1,7,2019-09-07,14,0.03,6.99,09:09:00
1,7,2019-09-07,19,3.09,6.99,11:57:00
1,7,2019-09-11,4,2.25,6.99,18:37:00
1,7,2019-09-11,7,1.54,6.99,17:37:00
1,7,2019-09-11,18,2.89,6.99,17:52:00
1,7,2019-09-11,25,2.16,6.99,17:21:00
1,7,2019-09-14,2,4.14,6.99,13:49:00
1,7,2019-09-14,6,2.94,6.99,13:42:00
1,7,2019-09-18,11,2.34,6.99,18:41:00
1,7,2019-09-18,17,0.04,6.99,17:14:00
1,7,2019-09-21,6,1.99,6.99,12:17:00
1,7,2019-09-21,24,1.82,6.99,11:11:00
1,7,2019-09-21,24,4.40,6.99,11:27:00
1,7,2019-09-25,2,0.06,6.99,16:47:00
1,7,2019-09-25,3,0.08,6.99,18:52:00
1,7,2019-09-25,21,2.08,6.99,17:28:00
1,7,2019-09-28,3,2.43,6.99,09:23:00
1,7,2019-09-28,13,1.14,6.99,08:54:00
1,7,2020-07-01,2,1.03,6.99,18:54:00
1,7,2020-07-01,7,0.63,6.99,17:21:00
1,7,2020-07-01,11,3.64,6.99,18:16:00
1,7,2020-07-01,11,3.70,6.99,18:27:00
1,7,2020-07-01,25,0.04,6.99,17:54:00
1,7,2020-07-01,25,1.25,6.99,17:56:00
1,7,2020-07-04,5,4.27,6.99,11:01:00
1,7,2020-07-04,16,0.62,6.99,12:51:00
1,7,2020-07-04,21,1.82,6.99,10:21:00
1,7,2020-07-04,26,2.42,6.99,12:37:00
1,7,2020-07-08,4,4.44,6.99,18:53:00
1,7,2020-07-08,8,0.84,6.99,18:39:00
1,7,2020-07-08,10,1.33,6.99,17:34:00
1,7,2020-07-08,10,4.44,6.99,17:36:00
1,7,2020-07-08,22,0.80,6.99,17:53:00
1,7,2020-07-11,1,4.04,6.99,13:03:00
1,7,2020-07-11,4,1.63,6.99,10:09:00
1,7,2020-07-11,18,2.88,6.99,13:44:00
1,7,2020-07-11,24,1.53,6.99,11:40:00
1,7,2020-07-15,14,3.88,6.99,18:51:00
1,7,2020-07-15,20,4.50,6.99,18:15:00
1,7,2020-07-15,21,1.63,6.99,18:43:00
1,7,2020-07-18,2,2.50,6.99,13:30:00
1,7,2020-07-18,9,2.16,6.99,13:54:00
1,7,2020-07-22,1,2.12,6.99,18:45:00
1,7,2020-07-22,6,2.28,6.99,18:49:00
1,7,2020-07-22,11,3.06,6.99,18:29:00
1,7,2020-07-22,19,1.06,6.99,18:44:00
1,7,2020-07-25,7,5.71,6.99,10:33:00
1,7,2020-07-25,12,1.59,6.99,10:20:00
1,7,2020-07-25,12,2.25,6.99,10:24:00
1,7,2020-07-25,19,0.74,6.99,12:03:00
1,7,2020-08-01,11,0.50,6.99,11:43:00
1,7,2020-08-05,7,4.92,6.99,17:43:00
1,7,2020-08-05,16,1.69,6.99,18:22:00
1,7,2020-08-05,21,2.27,6.99,18:52:00
1,7,2020-08-05,23,4.41,6.99,17:07:00
1,7,2020-08-08,17,0.03,6.99,12:56:00
1,7,2020-08-08,26,1.51,6.99,11:02:00
1,7,2020-08-08,26,4.99,6.99,11:38:00
1,7,2020-08-12,2,4.59,6.99,18:56:00
1,7,2020-08-12,2,2.39,6.99,18:59:00
1,7,2020-08-15,7,1.08,6.99,10:42:00
1,7,2020-08-15,22,3.45,6.99,09:33:00
1,7,2020-08-22,4,4.56,6.99,13:28:00
1,7,2020-08-22,4,3.47,6.99,13:33:00
1,7,2020-08-22,5,2.07,6.99,13:33:00
1,7,2020-08-22,25,0.76,6.99,11:02:00
1,7,2020-08-26,1,2.97,6.99,18:56:00
1,7,2020-08-26,4,3.11,6.99,18:36:00
1,7,2020-08-26,9,2.21,6.99,18:15:00
1,7,2020-08-26,14,0.91,6.99,17:35:00
1,7,2020-08-26,15,2.57,6.99,16:33:00
1,7,2020-08-26,22,0.57,6.99,18:16:00
1,7,2020-08-29,2,0.62,6.99,08:54:00
1,7,2020-08-29,5,3.42,6.99,09:52:00
1,7,2020-08-29,5,1.26,6.99,10:26:00
1,7,2020-08-29,6,3.18,6.99,12:37:00
1,7,2020-08-29,12,0.15,6.99,13:13:00
1,7,2020-08-29,26,0.75,6.99,11:29:00
1,7,2020-09-02,4,3.31,6.99,18:21:00
1,7,2020-09-02,7,2.40,6.99,16:58:00
1,7,2020-09-02,7,2.73,6.99,17:08:00
1,7,2020-09-02,14,2.68,6.99,16:41:00
1,7,2020-09-05,1,5.20,6.99,11:34:00
1,7,2020-09-05,1,0.27,6.99,11:41:00
1,7,2020-09-05,8,2.12,6.99,10:07:00
1,7,2020-09-05,25,1.79,6.99,10:39:00
1,7,2020-09-09,1,3.43,6.99,18:35:00
1,7,2020-09-09,1,1.92,6.99,18:44:00
1,7,2020-09-09,4,4.14,6.99,17:50:00
1,7,2020-09-09,9,1.14,6.99,18:26:00
1,7,2020-09-09,20,0.12,6.99,18:30:00
1,7,2020-09-12,2,4.92,6.99,10:58:00
1,7,2020-09-12,7,0.64,6.99,11:14:00
1,7,2020-09-12,14,3.38,6.99,13:14:00
1,7,2020-09-12,15,1.22,6.99,13:11:00
1,7,2020-09-16,2,5.18,6.99,16:28:00
1,7,2020-09-16,3,3.71,6.99,18:14:00
1,7,2020-09-19,15,3.04,6.99,11:10:00
1,7,2020-09-19,15,5.06,6.99,11:57:00
1,7,2020-09-19,17,0.45,6.99,11:29:00
1,7,2020-09-19,25,1.49,6.99,13:29:00
1,7,2020-09-23,8,2.89,6.99,17:23:00
1,7,2020-09-26,3,1.82,6.99,12:04:00
1,7,2020-09-26,4,2.96,6.99,10:44:00
1,7,2020-09-26,14,3.91,6.99,10:32:00
1,7,2020-09-26,21,1.19,6.99,13:25:00
1,7,2020-09-30,9,3.61,6.99,18:49:00
1,7,2020-09-30,9,3.82,6.99,18:53:00
1,7,2020-09-30,14,0.10,6.99,18:32:00
1,7,2020-09-30,18,2.26,6.99,18:58:00
1,7,2020-09-30,26,3.97,6.99,17:04:00
2,7,2019-07-03,4,3.73,3.49,16:46:00
2,7,2019-07-03,9,4.85,3.49,16:42:00
2,7,2019-07-03,12,0.12,3.49,17:38:00
2,7,2019-07-03,16,3.46,3.49,17:48:00
2,7,2019-07-03,17,1.76,3.49,17:14:00
2,7,2019-07-03,17,4.74,3.49,17:38:00
2,7,2019-07-03,24,2.28,3.49,18:37:00
2,7,2019-07-06,3,2.28,3.49,12:20:00
2,7,2019-07-06,13,1.94,3.49,10:55:00
2,7,2019-07-06,14,1.00,3.49,13:19:00
2,7,2019-07-06,14,1.68,3.49,13:37:00
2,7,2019-07-06,20,3.10,3.49,12:51:00
2,7,2019-07-10,11,2.89,3.49,18:56:00
2,7,2019-07-10,21,3.59,3.49,17:13:00
2,7,2019-07-13,1,2.81,3.49,13:35:00
2,7,2019-07-13,2,6.27,3.00,08:58:00
2,7,2019-07-13,10,6.70,3.00,09:29:00
2,7,2019-07-13,24,1.64,3.49,12:42:00
2,7,2019-07-17,1,4.88,3.49,18:26:00
2,7,2019-07-17,4,1.55,3.49,17:45:00
2,7,2019-07-17,7,4.13,3.49,18:51:00
2,7,2019-07-17,9,0.11,3.49,16:44:00
2,7,2019-07-17,13,3.09,3.49,17:29:00
2,7,2019-07-17,22,2.56,3.49,18:31:00
2,7,2019-07-20,3,2.70,3.49,13:52:00
2,7,2019-07-20,8,3.69,3.49,13:11:00
2,7,2019-07-20,8,1.18,3.49,13:18:00
2,7,2019-07-20,9,1.20,3.49,08:17:00
2,7,2019-07-24,10,5.57,3.49,18:49:00
2,7,2019-07-24,18,2.46,3.49,17:29:00
2,7,2019-07-24,19,2.40,3.49,17:55:00
2,7,2019-07-24,26,6.78,3.49,16:38:00
2,7,2019-07-27,6,4.57,3.49,11:53:00
2,7,2019-07-27,13,2.37,3.49,09:31:00
2,7,2019-07-27,16,3.21,3.49,09:46:00
2,7,2019-07-27,16,3.57,3.49,10:08:00
2,7,2019-07-27,23,1.05,3.49,13:51:00
2,7,2019-07-27,23,3.79,3.49,13:58:00
2,7,2019-07-31,3,2.34,3.49,18:49:00
2,7,2019-07-31,7,1.43,3.49,17:04:00
2,7,2019-07-31,11,1.54,3.49,18:55:00
2,7,2019-07-31,17,5.53,3.49,16:28:00
2,7,2019-07-31,18,3.41,3.49,18:12:00
2,7,2019-08-03,2,4.04,3.49,11:00:00
2,7,2019-08-03,4,4.90,3.49,11:54:00
2,7,2019-08-03,5,2.39,3.49,09:01:00
2,7,2019-08-03,12,2.82,3.49,13:54:00
2,7,2019-08-03,12,3.30,3.49,13:58:00
2,7,2019-08-03,13,0.02,3.49,13:47:00
2,7,2019-08-03,14,2.44,3.49,09:48:00
2,7,2019-08-07,1,1.87,3.49,18:41:00
2,7,2019-08-07,3,2.93,3.49,18:09:00
2,7,2019-08-07,6,6.90,3.49,17:01:00
2,7,2019-08-07,6,0.98,3.49,17:14:00
2,7,2019-08-07,10,4.31,3.49,17:10:00
2,7,2019-08-07,19,3.79,3.49,18:01:00
2,7,2019-08-07,24,2.47,3.49,18:07:00
2,7,2019-08-10,5,3.09,3.49,09:06:00
2,7,2019-08-10,12,1.48,3.49,08:55:00
2,7,2019-08-10,16,1.85,3.49,08:57:00
2,7,2019-08-10,18,4.46,3.49,13:56:00
2,7,2019-08-10,22,5.25,3.49,09:04:00
2,7,2019-08-10,22,3.62,3.49,09:20:00
2,7,2019-08-10,23,2.53,3.49,13:30:00
2,7,2019-08-10,25,3.27,3.49,12:43:00
2,7,2019-08-14,1,4.37,3.49,17:03:00
2,7,2019-08-14,3,5.30,3.49,18:44:00
2,7,2019-08-14,4,0.80,3.49,18:05:00
2,7,2019-08-14,26,3.90,3.49,18:24:00
2,7,2019-08-14,26,2.44,3.49,18:33:00
2,7,2019-08-17,2,6.55,3.49,11:22:00
2,7,2019-08-17,5,1.65,3.49,11:39:00
2,7,2019-08-17,14,1.05,3.49,08:35:00
2,7,2019-08-17,26,3.02,3.49,13:17:00
2,7,2019-08-21,2,2.93,3.49,18:13:00
2,7,2019-08-21,6,0.72,3.49,18:37:00
2,7,2019-08-21,17,0.61,3.49,18:51:00
2,7,2019-08-21,18,4.56,3.49,16:20:00
2,7,2019-08-21,26,2.44,3.49,16:03:00
2,7,2019-08-24,14,2.86,3.49,09:37:00
2,7,2019-08-24,16,2.65,3.49,10:58:00
2,7,2019-08-28,2,0.39,3.49,18:46:00
2,7,2019-08-28,5,2.51,3.49,17:15:00
2,7,2019-08-28,5,5.24,3.49,17:38:00
2,7,2019-08-28,8,1.86,3.49,18:12:00
2,7,2019-08-28,8,7.33,3.49,18:30:00
2,7,2019-08-28,17,2.99,3.49,17:06:00
2,7,2019-08-28,22,2.99,3.49,18:28:00
2,7,2019-08-31,2,3.31,3.49,12:24:00
2,7,2019-08-31,3,0.92,3.49,11:36:00
2,7,2019-08-31,4,3.26,3.49,09:35:00
2,7,2019-08-31,4,4.59,3.49,10:06:00
2,7,2019-08-31,5,6.18,3.49,10:22:00
2,7,2019-08-31,6,4.30,3.49,11:38:00
2,7,2019-08-31,26,4.78,3.49,09:29:00
2,7,2019-09-04,7,3.00,3.49,18:53:00
2,7,2019-09-04,11,3.51,3.49,18:46:00
2,7,2019-09-04,14,4.21,3.49,17:30:00
2,7,2019-09-04,21,3.45,3.49,18:48:00
2,7,2019-09-04,26,2.10,3.49,18:54:00
2,7,2019-09-07,4,1.66,3.49,12:02:00
2,7,2019-09-07,6,1.48,3.49,12:38:00
2,7,2019-09-07,6,1.26,3.49,13:32:00
2,7,2019-09-07,23,3.85,3.49,11:43:00
2,7,2019-09-11,1,3.45,3.49,18:15:00
2,7,2019-09-11,6,1.62,3.49,18:53:00
2,7,2019-09-11,7,6.14,3.49,17:28:00
2,7,2019-09-11,10,0.99,3.49,17:24:00
2,7,2019-09-11,12,2.21,3.49,18:01:00
2,7,2019-09-11,12,1.92,3.49,18:30:00
2,7,2019-09-11,25,6.42,3.49,17:09:00
2,7,2019-09-14,5,1.33,3.49,09:06:00
2,7,2019-09-14,6,2.23,3.49,13:34:00
2,7,2019-09-14,14,2.08,3.49,12:58:00
2,7,2019-09-14,16,2.28,3.49,10:07:00
2,7,2019-09-14,19,2.69,3.49,10:20:00
2,7,2019-09-18,1,3.62,3.49,17:06:00
2,7,2019-09-18,12,6.33,3.49,18:34:00
2,7,2019-09-21,2,2.31,3.49,12:49:00
2,7,2019-09-21,4,0.45,3.49,10:18:00
2,7,2019-09-21,6,2.22,3.49,12:54:00
2,7,2019-09-21,8,2.18,3.49,13:31:00
2,7,2019-09-21,22,2.81,3.49,13:46:00
2,7,2019-09-25,3,0.36,3.49,18:31:00
2,7,2019-09-25,7,2.63,3.49,18:16:00
2,7,2019-09-25,8,1.01,3.49,16:08:00
2,7,2019-09-25,8,4.71,3.49,16:16:00
2,7,2019-09-25,15,2.28,3.49,17:31:00
2,7,2019-09-28,2,0.80,3.49,13:48:00
2,7,2019-09-28,6,5.07,3.49,09:53:00
2,7,2019-09-28,19,3.93,3.49,13:42:00
2,7,2019-09-28,21,4.16,3.49,10:09:00
2,7,2020-07-01,1,1.58,3.49,16:10:00
2,7,2020-07-01,2,3.94,3.49,18:52:00
2,7,2020-07-01,2,3.37,3.49,18:55:00
2,7,2020-07-01,10,5.38,3.49,18:11:00
2,7,2020-07-01,10,2.86,3.49,18:37:00
2,7,2020-07-01,14,4.11,3.49,18:18:00
2,7,2020-07-01,22,2.75,3.49,18:41:00
2,7,2020-07-04,2,5.60,3.00,12:25:00
2,7,2020-07-04,5,4.61,3.49,12:08:00
2,7,2020-07-04,6,5.18,3.00,10:01:00
2,7,2020-07-04,6,3.47,3.49,10:59:00
2,7,2020-07-04,9,1.89,3.49,09:28:00
2,7,2020-07-04,9,0.59,3.49,10:01:00
2,7,2020-07-04,11,3.28,3.49,12:15:00
2,7,2020-07-04,15,3.31,3.49,12:46:00
2,7,2020-07-04,15,1.58,3.49,13:12:00
2,7,2020-07-04,19,1.82,3.49,13:47:00
2,7,2020-07-08,1,1.98,3.49,18:56:00
2,7,2020-07-08,4,2.28,3.49,18:32:00
2,7,2020-07-08,8,5.13,3.49,18:43:00
2,7,2020-07-08,12,4.40,3.49,17:07:00
2,7,2020-07-08,20,3.30,3.49,17:37:00
2,7,2020-07-08,23,2.93,3.49,17:42:00
2,7,2020-07-11,4,1.53,3.49,10:08:00
2,7,2020-07-11,13,1.89,3.49,11:54:00
2,7,2020-07-11,18,5.09,3.49,13:28:00
2,7,2020-07-11,18,3.13,3.49,13:54:00
2,7,2020-07-11,24,3.50,3.49,11:34:00
2,7,2020-07-15,1,2.45,3.49,18:38:00
2,7,2020-07-15,2,3.05,3.49,18:16:00
2,7,2020-07-15,2,1.32,3.49,18:40:00
2,7,2020-07-15,3,2.85,3.49,18:47:00
2,7,2020-07-15,6,2.56,3.49,18:56:00
2,7,2020-07-15,12,1.81,3.49,16:50:00
2,7,2020-07-15,12,2.61,3.49,17:36:00
2,7,2020-07-15,14,3.13,3.49,18:31:00
2,7,2020-07-15,19,3.42,3.49,17:46:00
2,7,2020-07-15,21,5.02,3.49,18:52:00
2,7,2020-07-18,4,1.39,3.49,12:14:00
2,7,2020-07-18,6,1.25,3.49,09:35:00
2,7,2020-07-18,9,3.10,3.49,13:57:00
2,7,2020-07-18,18,5.59,3.49,09:04:00
2,7,2020-07-18,19,4.67,3.49,08:57:00
2,7,2020-07-18,20,2.12,3.49,12:18:00
2,7,2020-07-18,20,6.64,3.49,13:00:00
2,7,2020-07-22,7,4.38,3.49,17:57:00
2,7,2020-07-22,9,2.31,3.49,18:21:00
2,7,2020-07-22,10,3.38,3.49,16:24:00
2,7,2020-07-22,11,3.14,3.49,18:44:00
2,7,2020-07-22,12,4.33,3.49,16:25:00
2,7,2020-07-22,12,1.95,3.49,16:26:00
2,7,2020-07-22,18,2.85,3.49,18:00:00
2,7,2020-07-22,25,5.15,3.49,18:55:00
2,7,2020-07-25,14,3.87,3.49,13:37:00
2,7,2020-07-25,14,1.38,3.49,13:54:00
2,7,2020-07-29,1,3.88,3.49,18:52:00
2,7,2020-07-29,4,3.35,3.49,18:27:00
2,7,2020-07-29,5,3.00,3.49,18:43:00
2,7,2020-07-29,6,2.38,3.49,18:41:00
2,7,2020-07-29,10,4.20,3.49,18:52:00
2,7,2020-07-29,15,2.59,3.49,16:39:00
2,7,2020-07-29,26,3.08,3.49,18:38:00
2,7,2020-07-29,26,3.64,3.49,18:46:00
2,7,2020-08-01,1,1.79,3.49,10:18:00
2,7,2020-08-01,3,4.87,3.49,12:38:00
2,7,2020-08-01,5,3.26,3.49,09:18:00
2,7,2020-08-01,11,2.27,3.49,12:01:00
2,7,2020-08-01,15,6.04,3.49,09:52:00
2,7,2020-08-05,8,2.84,3.49,16:43:00
2,7,2020-08-05,12,1.47,3.49,18:11:00
2,7,2020-08-05,12,0.22,3.49,18:26:00
2,7,2020-08-05,26,1.42,3.49,18:50:00
2,7,2020-08-05,26,2.74,3.49,18:51:00
2,7,2020-08-08,5,4.53,3.49,11:31:00
2,7,2020-08-08,5,5.20,3.49,12:06:00
2,7,2020-08-08,7,3.53,3.49,08:23:00
2,7,2020-08-08,9,0.18,3.49,10:32:00
2,7,2020-08-08,12,4.91,3.49,09:45:00
2,7,2020-08-08,12,3.18,3.49,10:26:00
2,7,2020-08-12,4,3.06,3.49,18:59:00
2,7,2020-08-12,7,3.05,3.49,17:25:00
2,7,2020-08-12,13,1.25,3.49,16:16:00
2,7,2020-08-12,13,3.96,3.49,16:39:00
2,7,2020-08-12,16,3.53,3.49,17:53:00
2,7,2020-08-12,23,1.78,3.49,18:53:00
2,7,2020-08-15,7,2.77,3.49,09:40:00
2,7,2020-08-15,8,3.85,3.49,09:36:00
2,7,2020-08-15,10,1.91,3.49,12:13:00
2,7,2020-08-15,18,4.74,3.49,13:37:00
2,7,2020-08-15,19,2.43,3.49,12:36:00
2,7,2020-08-15,19,3.01,3.49,13:04:00
2,7,2020-08-19,11,6.34,3.49,16:47:00
2,7,2020-08-19,12,2.47,3.49,18:16:00
2,7,2020-08-19,13,2.37,3.49,18:50:00
2,7,2020-08-19,15,2.83,3.49,16:49:00
2,7,2020-08-19,24,3.16,3.49,18:43:00
2,7,2020-08-22,2,2.88,3.49,10:03:00
2,7,2020-08-22,5,3.75,3.49,13:46:00
2,7,2020-08-22,5,4.99,3.49,13:58:00
2,7,2020-08-22,6,3.48,3.49,09:39:00
2,7,2020-08-22,17,8.05,3.49,13:27:00
2,7,2020-08-26,1,1.03,3.49,18:49:00
2,7,2020-08-26,5,3.68,3.49,18:20:00
2,7,2020-08-26,9,2.13,3.49,18:21:00
2,7,2020-08-26,13,3.30,3.49,16:55:00
2,7,2020-08-26,15,0.31,3.49,17:27:00
2,7,2020-08-26,19,5.26,3.49,18:05:00
2,7,2020-08-29,4,1.82,3.49,13:32:00
2,7,2020-08-29,6,1.04,3.49,13:18:00
2,7,2020-08-29,10,2.14,3.49,13:29:00
2,7,2020-08-29,21,2.16,3.49,08:54:00
2,7,2020-08-29,21,3.54,3.49,08:55:00
2,7,2020-09-02,4,4.75,3.49,18:15:00
2,7,2020-09-02,7,4.83,3.49,16:51:00
2,7,2020-09-02,23,1.28,3.49,18:15:00
2,7,2020-09-02,23,1.86,3.49,18:54:00
2,7,2020-09-02,26,4.31,3.49,17:30:00
2,7,2020-09-02,26,2.57,3.49,18:17:00
2,7,2020-09-05,4,3.41,3.49,13:49:00
2,7,2020-09-05,5,2.23,3.49,13:57:00
2,7,2020-09-05,6,0.82,3.49,11:42:00
2,7,2020-09-05,8,1.85,3.49,09:26:00
2,7,2020-09-05,12,6.31,3.49,09:39:00
2,7,2020-09-05,25,4.86,3.49,11:32:00
2,7,2020-09-05,26,4.24,3.49,13:54:00
2,7,2020-09-09,5,2.15,3.49,17:29:00
2,7,2020-09-09,6,4.57,3.49,18:45:00
2,7,2020-09-09,12,3.62,3.49,16:45:00
2,7,2020-09-09,15,1.78,3.49,18:49:00
2,7,2020-09-09,15,4.21,3.49,18:52:00
2,7,2020-09-09,20,0.31,3.49,18:32:00
2,7,2020-09-09,22,2.77,3.49,18:45:00
2,7,2020-09-12,4,4.22,3.49,12:47:00
2,7,2020-09-12,15,5.01,3.00,12:47:00
2,7,2020-09-12,15,0.72,3.49,13:16:00
2,7,2020-09-12,20,4.25,3.49,11:16:00
2,7,2020-09-16,2,4.43,3.49,16:39:00
2,7,2020-09-16,3,2.98,3.49,18:29:00
2,7,2020-09-16,10,3.22,3.49,18:26:00
2,7,2020-09-16,11,3.67,3.49,18:40:00
2,7,2020-09-16,14,3.26,3.49,16:48:00
2,7,2020-09-16,19,2.42,3.49,18:53:00
2,7,2020-09-19,3,2.06,3.49,13:50:00
2,7,2020-09-19,5,4.45,3.49,11:31:00
2,7,2020-09-19,5,3.36,3.49,11:54:00
2,7,2020-09-19,6,3.07,3.49,12:30:00
2,7,2020-09-19,10,5.16,3.49,09:57:00
2,7,2020-09-19,11,1.13,3.49,13:06:00
2,7,2020-09-19,11,2.10,3.49,13:13:00
2,7,2020-09-19,15,3.88,3.49,11:24:00
2,7,2020-09-19,26,3.37,3.49,12:13:00
2,7,2020-09-23,5,2.33,3.49,17:21:00
2,7,2020-09-23,6,2.01,3.49,16:41:00
2,7,2020-09-23,6,2.80,3.49,17:35:00
2,7,2020-09-26,4,2.73,3.49,10:42:00
2,7,2020-09-26,5,2.13,3.49,10:21:00
2,7,2020-09-26,5,2.64,3.49,11:02:00
2,7,2020-09-26,7,4.03,3.49,11:26:00
2,7,2020-09-26,14,6.56,3.49,10:19:00
2,7,2020-09-30,1,2.45,3.49,18:36:00
2,7,2020-09-30,2,5.04,3.49,18:06:00
2,7,2020-09-30,6,2.26,3.49,18:04:00
2,7,2020-09-30,9,2.93,3.49,18:33:00
2,7,2020-09-30,10,1.29,3.49,18:07:00
2,7,2020-09-30,19,3.36,3.49,18:53:00
3,7,2019-07-03,1,3.00,0.50,17:36:00
3,7,2019-07-03,3,5.00,0.50,18:10:00
3,7,2019-07-03,3,4.00,0.50,18:32:00
3,7,2019-07-03,11,4.00,0.50,18:52:00
3,7,2019-07-03,16,1.00,0.50,18:22:00
3,7,2019-07-03,22,5.00,0.50,18:11:00
3,7,2019-07-03,24,6.00,0.50,18:55:00
3,7,2019-07-03,25,2.00,0.50,18:18:00
3,7,2019-07-06,1,3.00,0.50,13:03:00
3,7,2019-07-06,5,1.00,0.50,11:50:00
3,7,2019-07-06,6,5.00,0.50,11:51:00
3,7,2019-07-06,6,4.00,0.50,12:19:00
3,7,2019-07-06,10,1.00,0.50,09:52:00
3,7,2019-07-06,15,2.00,0.50,09:14:00
3,7,2019-07-06,19,4.00,0.50,09:54:00
3,7,2019-07-10,3,4.00,0.50,16:44:00
3,7,2019-07-10,9,3.00,0.50,17:27:00
3,7,2019-07-10,11,1.00,0.50,18:35:00
3,7,2019-07-10,12,1.00,0.50,17:45:00
3,7,2019-07-10,23,1.00,0.50,18:50:00
3,7,2019-07-13,1,2.00,0.50,11:50:00
3,7,2019-07-13,6,2.00,0.50,11:03:00
3,7,2019-07-13,7,5.00,0.50,10:20:00
3,7,2019-07-13,10,1.00,0.50,11:21:00
3,7,2019-07-13,10,4.00,0.50,11:59:00
3,7,2019-07-17,2,3.00,0.50,18:45:00
3,7,2019-07-17,2,1.00,0.50,18:56:00
3,7,2019-07-17,5,4.00,0.50,18:45:00
3,7,2019-07-17,8,5.00,0.50,16:08:00
3,7,2019-07-17,14,5.00,0.50,17:47:00
3,7,2019-07-17,17,4.00,0.50,18:36:00
3,7,2019-07-17,17,5.00,0.50,18:53:00
3,7,2019-07-17,18,3.00,0.50,17:44:00
3,7,2019-07-20,1,5.00,0.50,13:28:00
3,7,2019-07-20,2,1.00,0.50,12:16:00
3,7,2019-07-20,4,1.00,0.50,09:29:00
3,7,2019-07-20,26,3.00,0.50,13:24:00
3,7,2019-07-24,3,2.00,0.50,18:59:00
3,7,2019-07-24,4,5.00,0.50,18:36:00
3,7,2019-07-24,5,4.00,0.50,18:38:00
3,7,2019-07-24,5,3.00,0.50,18:53:00
3,7,2019-07-24,6,5.00,0.50,16:50:00
3,7,2019-07-24,6,5.00,0.50,17:16:00
3,7,2019-07-24,13,4.00,0.50,18:57:00
3,7,2019-07-24,26,2.00,0.50,16:29:00
3,7,2019-07-27,1,5.00,0.50,13:48:00
3,7,2019-07-27,3,4.00,0.50,11:41:00
3,7,2019-07-27,4,2.00,0.50,12:46:00
3,7,2019-07-27,8,1.00,0.50,13:47:00
3,7,2019-07-27,8,2.00,0.50,13:53:00
3,7,2019-07-27,10,5.00,0.50,10:34:00
3,7,2019-07-27,20,3.00,0.50,13:32:00
3,7,2019-07-27,20,4.00,0.50,13:59:00
3,7,2019-07-31,1,5.00,0.50,16:33:00
3,7,2019-07-31,7,3.00,0.50,18:51:00
3,7,2019-07-31,19,4.00,0.50,18:11:00
3,7,2019-08-03,2,3.00,0.50,08:27:00
3,7,2019-08-03,2,3.00,0.50,09:25:00
3,7,2019-08-03,3,1.00,0.50,09:28:00
3,7,2019-08-03,8,4.00,0.50,11:22:00
3,7,2019-08-03,11,5.00,0.50,12:33:00
3,7,2019-08-03,15,1.00,0.50,11:35:00
3,7,2019-08-03,22,6.00,0.50,12:07:00
3,7,2019-08-03,22,3.00,0.50,12:22:00
3,7,2019-08-07,4,3.00,0.50,16:48:00
3,7,2019-08-07,5,4.00,0.50,18:15:00
3,7,2019-08-07,5,1.00,0.50,18:53:00
3,7,2019-08-07,10,4.00,0.50,18:48:00
3,7,2019-08-07,17,1.00,0.50,16:34:00
3,7,2019-08-07,23,2.00,0.50,18:36:00
3,7,2019-08-07,23,4.00,0.50,18:51:00
3,7,2019-08-10,5,1.00,0.50,10:34:00
3,7,2019-08-10,14,5.00,0.50,09:35:00
3,7,2019-08-14,2,5.00,0.50,18:49:00
3,7,2019-08-14,4,1.00,0.50,17:31:00
3,7,2019-08-14,16,2.00,0.50,18:37:00
3,7,2019-08-17,1,3.00,0.50,13:55:00
3,7,2019-08-17,5,4.00,0.50,13:44:00
3,7,2019-08-17,10,2.00,0.50,09:26:00
3,7,2019-08-17,14,2.00,0.50,09:28:00
3,7,2019-08-17,14,4.00,0.50,09:31:00
3,7,2019-08-17,17,3.00,0.50,13:17:00
3,7,2019-08-17,17,1.00,0.50,13:30:00
3,7,2019-08-17,26,5.00,0.50,13:44:00
3,7,2019-08-21,4,3.00,0.50,17:34:00
3,7,2019-08-21,4,4.00,0.50,18:09:00
3,7,2019-08-21,5,5.00,0.50,17:22:00
3,7,2019-08-21,10,3.00,0.50,17:18:00
3,7,2019-08-21,10,4.00,0.50,17:19:00
3,7,2019-08-21,12,4.00,0.50,18:52:00
3,7,2019-08-21,17,3.00,0.50,18:59:00
3,7,2019-08-21,24,3.00,0.50,18:56:00
3,7,2019-08-24,2,5.00,0.50,09:12:00
3,7,2019-08-24,2,3.00,0.50,09:46:00
3,7,2019-08-24,3,2.00,0.50,10:32:00
3,7,2019-08-24,3,4.00,0.50,11:36:00
3,7,2019-08-24,6,4.00,0.50,08:56:00
3,7,2019-08-24,8,5.00,0.50,11:47:00
3,7,2019-08-24,13,4.00,0.50,13:02:00
3,7,2019-08-24,17,4.00,0.50,08:47:00
3,7,2019-08-24,23,4.00,0.50,13:28:00
3,7,2019-08-28,2,4.00,0.50,16:28:00
3,7,2019-08-28,8,1.00,0.50,17:40:00
3,7,2019-08-31,1,5.00,0.50,11:38:00
3,7,2019-08-31,2,2.00,0.50,11:02:00
3,7,2019-08-31,3,4.00,0.50,08:47:00
3,7,2019-08-31,6,2.00,0.50,13:37:00
3,7,2019-08-31,8,4.00,0.50,12:51:00
3,7,2019-08-31,24,3.00,0.50,10:19:00
3,7,2019-09-04,2,2.00,0.50,18:39:00
3,7,2019-09-04,7,4.00,0.50,17:09:00
3,7,2019-09-04,12,4.00,0.50,17:09:00
3,7,2019-09-04,20,3.00,0.50,17:20:00
3,7,2019-09-07,1,4.00,0.50,12:08:00
3,7,2019-09-07,1,2.00,0.50,12:22:00
3,7,2019-09-07,4,1.00,0.50,13:53:00
3,7,2019-09-07,5,1.00,0.50,12:46:00
3,7,2019-09-07,6,2.00,0.50,11:31:00
3,7,2019-09-07,6,3.00,0.50,11:53:00
3,7,2019-09-07,10,2.00,0.50,13:21:00
3,7,2019-09-07,14,4.00,0.50,13:25:00
3,7,2019-09-07,14,5.00,0.50,13:28:00
3,7,2019-09-07,24,2.00,0.50,09:23:00
3,7,2019-09-11,1,4.00,0.50,16:28:00
3,7,2019-09-11,2,5.00,0.50,17:21:00
3,7,2019-09-11,5,4.00,0.50,18:54:00
3,7,2019-09-11,6,3.00,0.50,17:06:00
3,7,2019-09-11,22,5.00,0.50,18:41:00
3,7,2019-09-14,12,4.00,0.50,11:10:00
3,7,2019-09-14,14,4.00,0.50,09:09:00
3,7,2019-09-14,17,2.00,0.50,12:32:00
3,7,2019-09-14,25,5.00,0.50,12:47:00
3,7,2019-09-14,25,3.00,0.50,13:22:00
3,7,2019-09-18,8,1.00,0.50,17:14:00
3,7,2019-09-18,9,5.00,0.50,17:16:00
3,7,2019-09-18,17,3.00,0.50,18:48:00
3,7,2019-09-18,18,2.00,0.50,18:52:00
3,7,2019-09-18,18,2.00,0.50,18:54:00
3,7,2019-09-21,2,3.00,0.50,09:24:00
3,7,2019-09-21,5,4.00,0.50,12:54:00
3,7,2019-09-21,6,5.00,0.50,13:42:00
3,7,2019-09-21,13,5.00,0.50,10:56:00
3,7,2019-09-21,13,1.00,0.50,11:05:00
3,7,2019-09-25,1,1.00,0.50,18:59:00
3,7,2019-09-25,3,2.00,0.50,17:39:00
3,7,2019-09-25,7,3.00,0.50,16:36:00
3,7,2019-09-25,10,2.00,0.50,17:30:00
3,7,2019-09-25,12,5.00,0.50,18:19:00
3,7,2019-09-25,12,4.00,0.50,18:35:00
3,7,2019-09-25,15,1.00,0.50,16:26:00
3,7,2019-09-28,3,2.00,0.50,13:31:00
3,7,2019-09-28,7,3.00,0.50,13:17:00
3,7,2019-09-28,8,3.00,0.50,13:54:00
3,7,2019-09-28,9,5.00,0.50,11:17:00
3,7,2019-09-28,12,3.00,0.50,12:56:00
3,7,2019-09-28,18,5.00,0.50,10:47:00
3,7,2019-09-28,19,8.00,0.50,13:32:00
3,7,2019-09-28,21,3.00,0.50,09:05:00
3,7,2020-07-01,1,5.00,0.50,18:23:00
3,7,2020-07-01,3,3.00,0.50,16:34:00
3,7,2020-07-01,3,3.00,0.50,16:38:00
3,7,2020-07-01,4,4.00,0.50,16:18:00
3,7,2020-07-01,4,4.00,0.50,17:19:00
3,7,2020-07-01,5,2.00,0.50,17:03:00
3,7,2020-07-01,8,1.00,0.50,17:46:00
3,7,2020-07-01,13,1.00,0.50,18:48:00
3,7,2020-07-01,15,2.00,0.50,18:34:00
3,7,2020-07-01,15,3.00,0.50,18:52:00
3,7,2020-07-04,6,4.00,0.50,12:06:00
3,7,2020-07-04,7,5.00,0.50,08:49:00
3,7,2020-07-04,8,2.00,0.50,12:15:00
3,7,2020-07-04,9,4.00,0.50,11:20:00
3,7,2020-07-04,10,3.00,0.50,13:12:00
3,7,2020-07-04,19,4.00,0.50,13:38:00
3,7,2020-07-04,26,3.00,0.50,12:09:00
3,7,2020-07-04,26,4.00,0.50,12:47:00
3,7,2020-07-08,3,4.00,0.50,18:52:00
3,7,2020-07-08,4,4.00,0.50,17:11:00
3,7,2020-07-08,5,3.00,0.50,18:54:00
3,7,2020-07-08,5,1.00,0.50,18:55:00
3,7,2020-07-08,10,2.00,0.50,18:42:00
3,7,2020-07-11,1,5.00,0.50,08:41:00
3,7,2020-07-11,2,3.00,0.50,13:49:00
3,7,2020-07-11,2,2.00,0.50,13:59:00
3,7,2020-07-11,5,3.00,0.50,10:21:00
3,7,2020-07-11,10,2.00,0.50,11:35:00
3,7,2020-07-11,14,3.00,0.50,13:52:00
3,7,2020-07-11,14,3.00,0.50,13:56:00
3,7,2020-07-11,19,4.00,0.50,13:45:00
3,7,2020-07-11,19,2.00,0.50,13:53:00
3,7,2020-07-11,26,2.00,0.50,12:44:00
3,7,2020-07-11,26,2.00,0.50,13:28:00
3,7,2020-07-15,4,2.00,0.50,16:09:00
3,7,2020-07-15,4,5.00,0.50,16:47:00
3,7,2020-07-15,8,2.00,0.50,18:10:00
3,7,2020-07-15,15,5.00,0.50,16:54:00
3,7,2020-07-15,15,4.00,0.50,17:24:00
3,7,2020-07-15,19,3.00,0.50,17:06:00
3,7,2020-07-15,19,2.00,0.50,17:41:00
3,7,2020-07-15,20,3.00,0.50,18:02:00
3,7,2020-07-18,1,1.00,0.50,10:52:00
3,7,2020-07-18,1,3.00,0.50,11:26:00
3,7,2020-07-18,3,2.00,0.50,13:30:00
3,7,2020-07-18,5,4.00,0.50,11:05:00
3,7,2020-07-18,5,5.00,0.50,11:15:00
3,7,2020-07-18,6,4.00,0.50,10:01:00
3,7,2020-07-18,8,2.00,0.50,11:59:00
3,7,2020-07-18,20,3.00,0.50,12:09:00
3,7,2020-07-18,20,5.00,0.50,12:37:00
3,7,2020-07-22,2,2.00,0.50,18:29:00
3,7,2020-07-22,3,3.00,0.50,17:16:00
3,7,2020-07-22,10,2.00,0.50,17:47:00
3,7,2020-07-22,15,3.00,0.50,17:33:00
3,7,2020-07-22,18,4.00,0.50,17:34:00
3,7,2020-07-25,3,2.00,0.50,13:34:00
3,7,2020-07-25,7,1.00,0.50,09:21:00
3,7,2020-07-25,10,3.00,0.50,11:32:00
3,7,2020-07-25,14,5.00,0.50,11:07:00
3,7,2020-07-25,17,5.00,0.50,11:16:00
3,7,2020-07-25,17,1.00,0.50,11:57:00
3,7,2020-07-25,21,4.00,0.50,10:23:00
3,7,2020-07-29,2,3.00,0.50,18:56:00
3,7,2020-07-29,3,4.00,0.50,18:30:00
3,7,2020-07-29,5,2.00,0.50,18:17:00
3,7,2020-07-29,6,2.00,0.50,17:05:00
3,7,2020-07-29,7,4.00,0.50,18:19:00
3,7,2020-07-29,7,4.00,0.50,18:32:00
3,7,2020-07-29,11,1.00,0.50,17:23:00
3,7,2020-07-29,13,3.00,0.50,17:37:00
3,7,2020-07-29,19,5.00,0.50,17:34:00
3,7,2020-08-01,2,2.00,0.50,09:17:00
3,7,2020-08-01,5,1.00,0.50,09:42:00
3,7,2020-08-01,7,4.00,0.50,08:19:00
3,7,2020-08-01,22,4.00,0.50,09:26:00
3,7,2020-08-05,1,4.00,0.50,18:34:00
3,7,2020-08-05,1,5.00,0.50,18:46:00
3,7,2020-08-05,3,3.00,0.50,17:29:00
3,7,2020-08-05,3,3.00,0.50,18:07:00
3,7,2020-08-05,4,1.00,0.50,16:46:00
3,7,2020-08-05,4,2.00,0.50,17:01:00
3,7,2020-08-05,6,1.00,0.50,18:03:00
3,7,2020-08-05,7,5.00,0.50,18:53:00
3,7,2020-08-05,12,2.00,0.50,18:19:00
3,7,2020-08-05,12,3.00,0.50,18:23:00
3,7,2020-08-05,15,2.00,0.50,16:22:00
3,7,2020-08-05,15,3.00,0.50,17:05:00
3,7,2020-08-05,17,1.00,0.50,18:38:00
3,7,2020-08-05,21,4.00,0.50,18:54:00
3,7,2020-08-08,4,3.00,0.50,10:38:00
3,7,2020-08-08,4,4.00,0.50,10:58:00
3,7,2020-08-08,5,3.00,0.50,13:37:00
3,7,2020-08-08,5,3.00,0.50,13:54:00
3,7,2020-08-08,11,2.00,0.50,13:20:00
3,7,2020-08-08,11,5.00,0.50,13:34:00
3,7,2020-08-08,12,2.00,0.50,09:54:00
3,7,2020-08-08,13,2.00,0.50,09:38:00
3,7,2020-08-08,13,2.00,0.50,09:47:00
3,7,2020-08-08,15,3.00,0.50,13:54:00
3,7,2020-08-08,22,2.00,0.50,10:04:00
3,7,2020-08-12,1,4.00,0.50,18:51:00
3,7,2020-08-12,6,1.00,0.50,18:42:00
3,7,2020-08-12,13,2.00,0.50,18:53:00
3,7,2020-08-12,14,1.00,0.50,16:45:00
3,7,2020-08-12,14,3.00,0.50,16:48:00
3,7,2020-08-12,18,3.00,0.50,17:19:00
3,7,2020-08-15,4,4.00,0.50,13:37:00
3,7,2020-08-15,16,3.00,0.50,12:00:00
3,7,2020-08-15,16,5.00,0.50,12:59:00
3,7,2020-08-19,1,2.00,0.50,17:56:00
3,7,2020-08-19,11,5.00,0.50,17:07:00
3,7,2020-08-19,24,4.00,0.50,18:30:00
3,7,2020-08-22,2,5.00,0.50,12:27:00
3,7,2020-08-22,6,4.00,0.50,12:50:00
3,7,2020-08-22,7,1.00,0.50,13:36:00
3,7,2020-08-22,7,2.00,0.50,13:57:00
3,7,2020-08-22,8,4.00,0.50,08:57:00
3,7,2020-08-22,8,4.00,0.50,09:27:00
3,7,2020-08-22,10,5.00,0.50,13:40:00
3,7,2020-08-22,12,2.00,0.50,09:41:00
3,7,2020-08-26,1,2.00,0.50,17:32:00
3,7,2020-08-26,5,4.00,0.50,18:58:00
3,7,2020-08-26,8,2.00,0.50,17:44:00
3,7,2020-08-26,17,2.00,0.50,17:58:00
3,7,2020-08-26,22,5.00,0.50,18:34:00
3,7,2020-08-29,4,5.00,0.50,11:06:00
3,7,2020-08-29,8,2.00,0.50,13:19:00
3,7,2020-08-29,8,3.00,0.50,13:58:00
3,7,2020-08-29,9,5.00,0.50,12:33:00
3,7,2020-08-29,11,4.00,0.50,11:44:00
3,7,2020-08-29,13,1.00,0.50,13:10:00
3,7,2020-08-29,13,3.00,0.50,13:11:00
3,7,2020-08-29,14,4.00,0.50,12:02:00
3,7,2020-08-29,14,2.00,0.50,12:58:00
3,7,2020-09-02,1,3.00,0.50,18:53:00
3,7,2020-09-02,5,2.00,0.50,17:16:00
3,7,2020-09-02,7,1.00,0.50,17:54:00
3,7,2020-09-02,9,4.00,0.50,18:43:00
3,7,2020-09-02,23,7.00,0.50,18:14:00
3,7,2020-09-02,26,6.00,0.50,18:04:00
3,7,2020-09-05,4,5.00,0.50,11:34:00
3,7,2020-09-05,9,4.00,0.50,10:01:00
3,7,2020-09-05,10,5.00,0.50,11:40:00
3,7,2020-09-05,10,3.00,0.50,12:10:00
3,7,2020-09-09,2,2.00,0.50,18:59:00
3,7,2020-09-09,3,3.00,0.50,18:48:00
3,7,2020-09-09,7,4.00,0.50,16:53:00
3,7,2020-09-09,12,3.00,0.50,18:47:00
3,7,2020-09-09,20,4.00,0.50,18:42:00
3,7,2020-09-09,21,7.00,0.50,16:43:00
3,7,2020-09-12,3,2.00,0.50,11:24:00
3,7,2020-09-12,6,1.00,0.50,13:33:00
3,7,2020-09-12,13,2.00,0.50,10:51:00
3,7,2020-09-12,14,5.00,0.50,08:34:00
3,7,2020-09-12,14,2.00,0.50,08:41:00
3,7,2020-09-12,17,5.00,0.50,11:04:00
3,7,2020-09-16,1,3.00,0.50,18:31:00
3,7,2020-09-16,6,2.00,0.50,18:03:00
3,7,2020-09-16,7,3.00,0.50,17:28:00
3,7,2020-09-16,11,4.00,0.50,18:52:00
3,7,2020-09-16,22,2.00,0.50,18:34:00
3,7,2020-09-19,1,2.00,0.50,09:45:00
3,7,2020-09-19,6,3.00,0.50,12:39:00
3,7,2020-09-19,10,4.00,0.50,12:50:00
3,7,2020-09-19,11,5.00,0.50,11:59:00
3,7,2020-09-19,13,5.00,0.50,10:59:00
3,7,2020-09-19,13,5.00,0.50,11:09:00
3,7,2020-09-19,15,3.00,0.50,10:56:00
3,7,2020-09-19,22,4.00,0.50,10:24:00
3,7,2020-09-23,1,4.00,0.50,17:11:00
3,7,2020-09-23,1,5.00,0.50,18:01:00
3,7,2020-09-23,11,1.00,0.50,18:37:00
3,7,2020-09-23,16,2.00,0.50,18:52:00
3,7,2020-09-23,19,4.00,0.50,18:35:00
3,7,2020-09-26,1,5.00,0.50,08:51:00
3,7,2020-09-26,14,4.00,0.50,08:57:00
3,7,2020-09-26,14,3.00,0.50,08:58:00
3,7,2020-09-26,21,2.00,0.50,13:53:00
3,7,2020-09-26,23,2.00,0.50,12:07:00
3,7,2020-09-26,24,5.00,0.50,10:41:00
3,7,2020-09-26,24,3.00,0.50,11:08:00
3,7,2020-09-30,1,4.00,0.50,18:10:00
3,7,2020-09-30,1,3.00,0.50,18:18:00
3,7,2020-09-30,6,1.00,0.50,18:01:00
3,7,2020-09-30,11,2.00,0.50,17:50:00
3,7,2020-09-30,14,2.00,0.50,17:05:00
3,7,2020-09-30,15,2.00,0.50,18:49:00
4,7,2019-04-03,3,1.00,4.00,18:44:00
4,7,2019-04-03,4,1.00,4.00,18:09:00
4,7,2019-04-03,5,3.00,4.00,18:54:00
4,7,2019-04-03,6,4.00,4.00,18:49:00
4,7,2019-04-03,7,5.00,4.00,17:59:00
4,7,2019-04-03,12,3.00,4.00,18:35:00
4,7,2019-04-03,16,2.00,4.00,18:58:00
4,7,2019-04-06,2,5.00,4.00,09:34:00
4,7,2019-04-06,5,1.00,4.00,11:51:00
4,7,2019-04-06,12,5.00,4.00,08:12:00
4,7,2019-04-06,12,5.00,4.00,08:41:00
4,7,2019-04-06,14,2.00,4.00,13:16:00
4,7,2019-04-06,14,2.00,4.00,13:50:00
4,7,2019-04-06,16,5.00,4.00,13:12:00
4,7,2019-04-06,16,3.00,4.00,13:34:00
4,7,2019-04-10,4,5.00,4.00,16:48:00
4,7,2019-04-10,4,3.00,4.00,17:27:00
4,7,2019-04-10,5,4.00,4.00,18:53:00
4,7,2019-04-10,5,5.00,4.00,18:57:00
4,7,2019-04-10,12,4.00,4.00,16:45:00
4,7,2019-04-10,12,2.00,4.00,16:58:00
4,7,2019-04-13,2,2.00,4.00,09:19:00
4,7,2019-04-13,3,4.00,4.00,10:50:00
4,7,2019-04-13,3,1.00,4.00,11:33:00
4,7,2019-04-13,4,2.00,4.00,10:17:00
4,7,2019-04-13,5,5.00,4.00,11:49:00
4,7,2019-04-13,11,1.00,4.00,08:42:00
4,7,2019-04-13,11,2.00,4.00,08:48:00
4,7,2019-04-13,13,4.00,4.00,10:29:00
4,7,2019-04-13,13,5.00,4.00,11:03:00
4,7,2019-04-17,1,5.00,3.50,16:09:00
4,7,2019-04-17,2,2.00,3.50,18:39:00
4,7,2019-04-17,2,5.00,3.50,18:43:00
4,7,2019-04-17,4,4.00,3.50,17:51:00
4,7,2019-04-17,4,4.00,3.50,18:11:00
4,7,2019-04-17,6,4.00,3.50,17:29:00
4,7,2019-04-17,7,3.00,3.50,18:52:00
4,7,2019-04-17,9,3.00,3.50,17:11:00
4,7,2019-04-17,9,4.00,3.50,17:45:00
4,7,2019-04-17,10,1.00,3.50,17:16:00
4,7,2019-04-20,2,4.00,4.00,13:36:00
4,7,2019-04-20,2,1.00,4.00,13:44:00
4,7,2019-04-20,5,1.00,4.00,13:27:00
4,7,2019-04-20,7,4.00,4.00,09:58:00
4,7,2019-04-20,8,3.00,4.00,12:54:00
4,7,2019-04-20,11,4.00,4.00,13:30:00
4,7,2019-04-20,11,2.00,4.00,13:42:00
4,7,2019-04-20,12,1.00,4.00,11:51:00
4,7,2019-04-24,1,3.00,4.00,18:22:00
4,7,2019-04-24,2,4.00,4.00,18:35:00
4,7,2019-04-24,3,5.00,4.00,18:39:00
4,7,2019-04-24,4,3.00,4.00,16:59:00
4,7,2019-04-24,8,5.00,4.00,18:45:00
4,7,2019-04-24,11,1.00,4.00,18:15:00
4,7,2019-04-24,13,1.00,4.00,16:27:00
4,7,2019-04-24,13,2.00,4.00,17:15:00
4,7,2019-04-24,18,3.00,4.00,17:37:00
4,7,2019-04-27,1,1.00,3.50,12:26:00
4,7,2019-04-27,2,5.00,3.50,13:19:00
4,7,2019-04-27,2,5.00,3.50,13:54:00
4,7,2019-04-27,4,3.00,3.50,12:28:00
4,7,2019-04-27,12,3.00,3.50,13:32:00
4,7,2019-04-27,13,4.00,3.50,11:43:00
4,7,2019-04-27,13,2.00,3.50,11:58:00
4,7,2019-04-27,16,3.00,3.50,10:52:00
4,7,2019-04-27,17,3.00,3.50,10:46:00
4,7,2019-05-01,1,4.00,4.00,18:49:00
4,7,2019-05-01,1,4.00,4.00,18:59:00
4,7,2019-05-01,3,4.00,4.00,17:10:00
4,7,2019-05-01,4,2.00,4.00,16:47:00
4,7,2019-05-01,4,5.00,4.00,17:39:00
4,7,2019-05-01,16,2.00,4.00,18:57:00
4,7,2019-05-04,2,1.00,4.00,11:24:00
4,7,2019-05-04,4,1.00,4.00,10:22:00
4,7,2019-05-04,6,1.00,4.00,11:01:00
4,7,2019-05-04,6,1.00,4.00,11:14:00
4,7,2019-05-04,7,4.00,4.00,11:48:00
4,7,2019-05-04,10,2.00,4.00,09:16:00
4,7,2019-05-04,10,4.00,4.00,09:41:00
4,7,2019-05-04,11,1.00,4.00,10:43:00
4,7,2019-05-04,11,5.00,4.00,11:05:00
4,7,2019-05-04,13,1.00,4.00,10:33:00
4,7,2019-05-04,17,4.00,4.00,13:44:00
4,7,2019-05-08,2,4.00,4.00,18:10:00
4,7,2019-05-08,2,1.00,4.00,18:17:00
4,7,2019-05-08,3,1.00,4.00,17:11:00
4,7,2019-05-08,3,2.00,4.00,17:23:00
4,7,2019-05-08,4,5.00,4.00,18:03:00
4,7,2019-05-08,5,1.00,4.00,16:16:00
4,7,2019-05-08,11,5.00,4.00,18:09:00
4,7,2019-05-08,12,1.00,4.00,17:30:00
4,7,2019-05-08,18,1.00,4.00,18:03:00
4,7,2019-05-08,18,1.00,4.00,18:06:00
4,7,2019-05-11,6,2.00,4.00,11:00:00
4,7,2019-05-11,6,2.00,4.00,11:04:00
4,7,2019-05-11,7,4.00,4.00,13:51:00
4,7,2019-05-11,8,2.00,4.00,13:37:00
4,7,2019-05-11,8,5.00,4.00,13:42:00
4,7,2019-05-11,10,3.00,4.00,09:19:00
4,7,2019-05-11,11,5.00,4.00,08:53:00
4,7,2019-05-11,12,2.00,4.00,09:32:00
4,7,2019-05-11,12,4.00,4.00,09:40:00
4,7,2019-05-15,1,2.00,4.00,18:28:00
4,7,2019-05-15,1,2.00,4.00,18:49:00
4,7,2019-05-15,4,2.00,4.00,16:54:00
4,7,2019-05-15,4,2.00,4.00,17:23:00
4,7,2019-05-15,8,2.00,4.00,18:27:00
4,7,2019-05-15,12,1.00,4.00,17:06:00
4,7,2019-05-15,12,1.00,4.00,17:27:00
4,7,2019-05-15,13,1.00,4.00,18:02:00
4,7,2019-05-18,1,5.00,4.00,12:56:00
4,7,2019-05-18,2,5.00,4.00,13:41:00
4,7,2019-05-18,7,4.00,4.00,10:20:00
4,7,2019-05-18,8,3.00,4.00,09:23:00
4,7,2019-05-18,10,5.00,4.00,13:40:00
4,7,2019-05-18,10,1.00,4.00,13:54:00
4,7,2019-05-18,13,2.00,4.00,13:18:00
4,7,2019-05-18,17,2.00,4.00,11:04:00
4,7,2019-05-18,17,3.00,4.00,11:18:00
4,7,2019-05-22,2,2.00,4.00,17:04:00
4,7,2019-05-22,4,1.00,4.00,18:53:00
4,7,2019-05-22,7,4.00,4.00,17:56:00
4,7,2019-05-22,7,5.00,4.00,18:24:00
4,7,2019-05-22,10,3.00,4.00,17:25:00
4,7,2019-05-22,12,1.00,4.00,17:51:00
4,7,2019-05-22,15,2.00,4.00,17:43:00
4,7,2019-05-22,15,4.00,4.00,18:26:00
4,7,2019-05-25,2,2.00,4.00,13:08:00
4,7,2019-05-25,2,2.00,4.00,13:31:00
4,7,2019-05-25,8,2.00,4.00,09:10:00
4,7,2019-05-25,10,2.00,4.00,12:22:00
4,7,2019-05-25,12,2.00,4.00,09:59:00
4,7,2019-05-25,17,2.00,4.00,13:50:00
4,7,2019-05-29,1,1.00,4.00,17:51:00
4,7,2019-05-29,6,3.00,4.00,16:56:00
4,7,2019-05-29,6,4.00,4.00,17:36:00
4,7,2019-05-29,7,2.00,4.00,18:59:00
4,7,2019-05-29,8,2.00,4.00,18:38:00
4,7,2019-05-29,12,3.00,4.00,18:04:00
4,7,2019-05-29,12,2.00,4.00,18:31:00
4,7,2019-05-29,14,5.00,4.00,18:51:00
4,7,2019-05-29,14,3.00,4.00,18:57:00
4,7,2019-05-29,15,3.00,4.00,18:49:00
4,7,2019-05-29,15,2.00,4.00,18:58:00
4,7,2019-06-01,3,5.00,4.00,13:55:00
4,7,2019-06-01,5,4.00,4.00,13:08:00
4,7,2019-06-01,8,3.00,4.00,10:45:00
4,7,2019-06-01,9,2.00,4.00,11:55:00
4,7,2019-06-01,9,4.00,4.00,12:04:00
4,7,2019-06-01,10,4.00,4.00,10:42:00
4,7,2019-06-05,4,5.00,4.00,17:00:00
4,7,2019-06-05,4,2.00,4.00,17:03:00
4,7,2019-06-05,5,3.00,4.00,18:16:00
4,7,2019-06-05,7,2.00,4.00,16:30:00
4,7,2019-06-05,11,1.00,4.00,18:25:00
4,7,2019-06-05,11,4.00,4.00,18:50:00
4,7,2019-06-05,12,2.00,4.00,17:54:00
4,7,2019-06-05,12,2.00,4.00,18:07:00
4,7,2019-06-05,17,4.00,4.00,16:58:00
4,7,2019-06-08,3,3.00,4.00,09:59:00
4,7,2019-06-08,4,3.00,4.00,12:26:00
4,7,2019-06-08,7,4.00,4.00,11:10:00
4,7,2019-06-08,9,3.00,4.00,11:35:00
4,7,2019-06-08,10,2.00,4.00,09:36:00
4,7,2019-06-08,15,1.00,4.00,09:18:00
4,7,2019-06-08,15,1.00,4.00,10:09:00
4,7,2019-06-12,1,5.00,4.00,17:10:00
4,7,2019-06-12,1,3.00,4.00,17:35:00
4,7,2019-06-12,3,2.00,4.00,18:26:00
4,7,2019-06-12,6,3.00,4.00,18:39:00
4,7,2019-06-12,7,3.00,4.00,17:12:00
4,7,2019-06-12,10,2.00,4.00,18:48:00
4,7,2019-06-12,17,4.00,4.00,18:46:00
4,7,2019-06-12,17,4.00,4.00,18:47:00
4,7,2019-06-15,1,3.00,4.00,12:56:00
4,7,2019-06-15,2,2.00,4.00,09:31:00
4,7,2019-06-15,2,5.00,4.00,09:59:00
4,7,2019-06-15,4,5.00,4.00,12:23:00
4,7,2019-06-15,8,1.00,4.00,13:10:00
4,7,2019-06-15,8,1.00,4.00,13:54:00
4,7,2019-06-15,9,5.00,4.00,08:37:00
4,7,2019-06-15,11,3.00,4.00,12:01:00
4,7,2019-06-15,11,1.00,4.00,12:39:00
